{"train_batch_losses": 2.602679967880249, "_timestamp": 1697397609.175016, "_runtime": 125.34331202507019, "_step": 12}