{"train_batch_losses": 0.0007255998207256198, "_timestamp": 1697493323.8688571, "_runtime": 3220.5910382270813, "_step": 244}