{"train_batch_losses": 3.7678894996643066, "_timestamp": 1697489994.1972759, "_runtime": 38.42212176322937, "_step": 2}