{"train_batch_losses": 6.2435383796691895, "_timestamp": 1697475269.899328, "_runtime": 12.550668954849243, "_step": 0}