{"train_batch_losses": 1.817982792854309, "_timestamp": 1697125791.9072719, "_runtime": 195.49882698059082, "_step": 47, "_wandb": {"runtime": 195}}