{"train_batch_losses": 2.379944324493408, "_timestamp": 1697478269.778084, "_runtime": 225.40231895446777, "_step": 22}