{"train_batch_losses": 2.1733455657958984, "_timestamp": 1697126784.5048041, "_runtime": 52.175517082214355, "_step": 19}