{"train_batch_losses": 1.4622219800949097, "_timestamp": 1697126275.4796708, "_runtime": 465.33930587768555, "_step": 154, "_wandb": {"runtime": 465}}