{"train_batch_losses": 1.660957932472229, "_timestamp": 1697391228.9585211, "_runtime": 178.58348512649536, "_step": 64, "_wandb": {"runtime": 180}}