{"train_batch_losses": 1.2983155250549316, "_timestamp": 1697484480.260007, "_runtime": 6202.8358108997345, "_step": 251}