{"train_batch_losses": 2.3730242252349854, "_timestamp": 1697397854.220459, "_runtime": 237.1464080810547, "_step": 24}